Job Title ,Company Name,Company Location
Senior Software Engineer - Python,Paymob Solutions -,"Maadi, Cairo, Egypt "
Software Engineer (Python),Paymob Solutions -,"Maadi, Cairo, Egypt "
Python API Developer Ocucon Team (UK) - (Alexandria),Procrew -,"Alexandria, Egypt "
Back End Developer (Java & Python),SSC Egypt -,"Cairo, Egypt "
Backend Software Engineer [Python],FlairsTech -,"Cairo, Egypt "
Quality Automation Engineer [Python],FlairsTech -,"Cairo, Egypt "
Automation Test Engineer (Python),Sceel.io -,"Maadi, Cairo, Egypt "
Senior Python Backend Developer,CROCOSOFT -,"New Cairo, Cairo, Egypt "
Python Django Developer,Support Legal -,"Dubai, United Arab Emirates "
Senior Python Engineer,Brainology -,"Cairo, Egypt "
Java/Python Developer,Nabd -,"New Cairo, Cairo, Egypt "
Senior Software Engineer - Python,Unifonic -,"Cairo, Egypt "
Senior Python Developer,El-Sewedy Electrometer -,"6th of October, Giza, Egypt "
Experienced Python/Django Developer,Infoblink -,"Dokki, Giza, Egypt "
Python Tech Lead,Eastern Enterprise -,"Cairo, Egypt "
